max_latitude,min_latitude,max_longitude,min_longitude,east_west,south_north
41.951315556,41.728621736,-87.551366466,-87.723959997,19.1975496696366,24.770196459861843max_latitude,min_latitude,max_longitude,min_longitude,east_west,south_north
41.951315556,41.728621736,-87.551366466,-87.723959997,19.1975496696366,24.770196459861843max_latitude,min_latitude,max_longitude,min_longitude,east_west,south_north
41.951315556,41.728621736,-87.551366466,-87.723959997,19.1975496696366,24.770196459861843max_latitude,min_latitude,max_longitude,min_longitude,east_west,south_north
41.951315556,41.728621736,-87.551366466,-87.723959997,19.1975496696366,24.770196459861843max_latitude,min_latitude,max_longitude,min_longitude,east_west,south_north
41.951315556,41.728621736,-87.551366466,-87.723959997,19.1975496696366,24.770196459861843max_latitude,min_latitude,max_longitude,min_longitude,east_west,south_north
41.951315556,41.728621736,-87.551366466,-87.723959997,19.1975496696366,24.770196459861843max_latitude,min_latitude,max_longitude,min_longitude,east_west,south_north
41.951315556,41.728621736,-87.551366466,-87.723959997,19.1975496696366,24.770196459861843max_latitude,min_latitude,max_longitude,min_longitude,east_west,south_north
41.951315556,41.728621736,-87.551366466,-87.723959997,19.1975496696366,24.770196459861843max_latitude,min_latitude,max_longitude,min_longitude,east_west,south_north
41.951315556,41.728621736,-87.551366466,-87.723959997,19.1975496696366,24.770196459861843