max_latitude,min_latitude,max_longitude,min_longitude,east_west,south_north
42.022660268,41.644670132,-87.525094136,-87.933976504,45.4799176031625,42.04377978971355